GeoFIPS,GeoName,,,,Description,RPI2011,RPI2012,RPI2013
10180,Abilene,,, TX ,Real per capita personal income (chained (2009) dollars) 2/,38992,40563,41238
10420,Akron,,, OH ,Real per capita personal income (chained (2009) dollars) 2/,43548,44775,44918
10500,Albany,,, GA ,Real per capita personal income (chained (2009) dollars) 2/,37580,37501,37889
10540,Albany,,, OR ,Real per capita personal income (chained (2009) dollars) 2/,30730,31481,31472
10580,Albany,Schenectady,Troy, NY ,Real per capita personal income (chained (2009) dollars) 2/,45781,46768,46931
10740,Albuquerque,,, NM ,Real per capita personal income (chained (2009) dollars) 2/,35181,35525,34948
10780,Alexandria,,, LA ,Real per capita personal income (chained (2009) dollars) 2/,40248,41280,40729
10900,Allentown,Bethlehem,Easton, PA-NJ ,Real per capita personal income (chained (2009) dollars) 2/,40015,40865,40956
11020,Altoona,,, PA ,Real per capita personal income (chained (2009) dollars) 2/,38448,38833,39599
11100,Amarillo,,, TX ,Real per capita personal income (chained (2009) dollars) 2/,39070,40095,40177
11180,Ames,,, IA ,Real per capita personal income (chained (2009) dollars) 2/,45489,43959,43194
11260,Anchorage,,, AK ,Real per capita personal income (chained (2009) dollars) 2/,44696,45232,44641
11460,Ann Arbor,,, MI ,Real per capita personal income (chained (2009) dollars) 2/,39081,40311,40126
11500,Anniston,Oxford,Jacksonville, AL ,Real per capita personal income (chained (2009) dollars) 2/,37546,36389,35677
11540,Appleton,,, WI ,Real per capita personal income (chained (2009) dollars) 2/,41551,42231,42393
11700,Asheville,,, NC ,Real per capita personal income (chained (2009) dollars) 2/,36480,38085,37557
12020,Athens,Clarke County,, GA ,Real per capita personal income (chained (2009) dollars) 2/,33779,34296,34385
12060,Atlanta,Sandy Springs,Roswell, GA ,Real per capita personal income (chained (2009) dollars) 2/,40064,40464,40557
12100,Atlantic City,Hammonton,, NJ ,Real per capita personal income (chained (2009) dollars) 2/,37337,37289,36842
12220,Auburn,Opelika,, AL ,Real per capita personal income (chained (2009) dollars) 2/,33063,32970,33102
12260,Augusta,Richmond County,, GA-SC ,Real per capita personal income (chained (2009) dollars) 2/,37987,37473,37034
12420,Austin,Round Rock,, TX ,Real per capita personal income (chained (2009) dollars) 2/,40800,42835,42415
12540,Bakersfield,,, CA ,Real per capita personal income (chained (2009) dollars) 2/,32533,33992,34306
12580,Baltimore,Columbia,Towson, MD ,Real per capita personal income (chained (2009) dollars) 2/,46374,47243,46777
12620,Bangor,,, ME ,Real per capita personal income (chained (2009) dollars) 2/,34776,34936,35457
12700,Barnstable Town,,, MA ,Real per capita personal income (chained (2009) dollars) 2/,54825,56748,57301
12940,Baton Rouge,,, LA ,Real per capita personal income (chained (2009) dollars) 2/,40002,41466,41977
12980,Battle Creek,,, MI ,Real per capita personal income (chained (2009) dollars) 2/,36586,37156,37311
13020,Bay City,,, MI ,Real per capita personal income (chained (2009) dollars) 2/,37345,37317,36590
13140,Beaumont,Port Arthur,, TX ,Real per capita personal income (chained (2009) dollars) 2/,39681,41764,40861
13220,Beckley,,, WV ,Real per capita personal income (chained (2009) dollars) 2/,43831,44090,42982
13380,Bellingham,,, WA ,Real per capita personal income (chained (2009) dollars) 2/,36868,38261,38507
13460,Bend,Redmond,, OR ,Real per capita personal income (chained (2009) dollars) 2/,37702,38240,38327
13740,Billings,,, MT ,Real per capita personal income (chained (2009) dollars) 2/,40240,41923,40734
13780,Binghamton,,, NY ,Real per capita personal income (chained (2009) dollars) 2/,38225,38956,38837
13820,Birmingham,Hoover,, AL ,Real per capita personal income (chained (2009) dollars) 2/,43057,44297,44232
13900,Bismarck,,, ND ,Real per capita personal income (chained (2009) dollars) 2/,45711,48152,46806
13980,Blacksburg,Christiansburg,Radford, VA ,Real per capita personal income (chained (2009) dollars) 2/,32342,33930,34065
14010,Bloomington,,, IL ,Real per capita personal income (chained (2009) dollars) 2/,43999,44401,45174
14020,Bloomington,,, IN ,Real per capita personal income (chained (2009) dollars) 2/,32100,32629,32207
14100,Bloomsburg,Berwick,, PA ,Real per capita personal income (chained (2009) dollars) 2/,36447,37202,37416
14260,Boise City,,, ID ,Real per capita personal income (chained (2009) dollars) 2/,35023,35640,36309
14460,Boston,Cambridge,Newton, MA-NH ,Real per capita personal income (chained (2009) dollars) 2/,50687,52216,52043
14500,Boulder,,, CO ,Real per capita personal income (chained (2009) dollars) 2/,45855,47280,46965
14540,Bowling Green,,, KY ,Real per capita personal income (chained (2009) dollars) 2/,35828,35961,35914
14740,Bremerton,Silverdale,, WA ,Real per capita personal income (chained (2009) dollars) 2/,39881,40689,40677
14860,Bridgeport,Stamford,Norwalk, CT ,Real per capita personal income (chained (2009) dollars) 2/,62706,64059,63459
15180,Brownsville,Harlingen,, TX ,Real per capita personal income (chained (2009) dollars) 2/,27033,27148,27179
15260,Brunswick,,, GA ,Real per capita personal income (chained (2009) dollars) 2/,38080,37788,37712
15380,Buffalo,Cheektowaga,Niagara Falls, NY ,Real per capita personal income (chained (2009) dollars) 2/,43123,44377,44178
15500,Burlington,,, NC ,Real per capita personal income (chained (2009) dollars) 2/,33846,35519,35083
15540,Burlington,South Burlington,, VT ,Real per capita personal income (chained (2009) dollars) 2/,43222,43876,44091
15680,California,Lexington Park,, MD ,Real per capita personal income (chained (2009) dollars) 2/,46064,45719,45611
15940,Canton,Massillon,, OH ,Real per capita personal income (chained (2009) dollars) 2/,38695,39546,40224
15980,Cape Coral,Fort Myers,, FL ,Real per capita personal income (chained (2009) dollars) 2/,42951,42248,42052
16020,Cape Girardeau,,, MO-IL ,Real per capita personal income (chained (2009) dollars) 2/,40615,41982,41962
16060,Carbondale,Marion,, IL ,Real per capita personal income (chained (2009) dollars) 2/,40437,40874,41250
16180,Carson City,,, NV ,Real per capita personal income (chained (2009) dollars) 2/,40427,41991,42207
16220,Casper,,, WY ,Real per capita personal income (chained (2009) dollars) 2/,54650,57301,56287
16300,Cedar Rapids,,, IA ,Real per capita personal income (chained (2009) dollars) 2/,45048,46072,46325
16540,Chambersburg,Waynesboro,, PA ,Real per capita personal income (chained (2009) dollars) 2/,36785,37075,37136
16580,Champaign,Urbana,, IL ,Real per capita personal income (chained (2009) dollars) 2/,39256,40194,41329
16620,Charleston,,, WV ,Real per capita personal income (chained (2009) dollars) 2/,44147,44236,44403
16700,Charleston,North Charleston,, SC ,Real per capita personal income (chained (2009) dollars) 2/,38865,40310,39893
16740,Charlotte,Concord,Gastonia, NC-SC ,Real per capita personal income (chained (2009) dollars) 2/,40103,42075,41676
16820,Charlottesville,,, VA ,Real per capita personal income (chained (2009) dollars) 2/,43715,45702,45628
16860,Chattanooga,,, TN-GA ,Real per capita personal income (chained (2009) dollars) 2/,38555,39544,39360
16940,Cheyenne,,, WY ,Real per capita personal income (chained (2009) dollars) 2/,49524,50318,49730
16980,Chicago,Naperville,Elgin, IL-IN-WI ,Real per capita personal income (chained (2009) dollars) 2/,41743,43033,43050
17020,Chico,,, CA ,Real per capita personal income (chained (2009) dollars) 2/,33441,33969,34660
17140,Cincinnati,,, OH-KY-IN ,Real per capita personal income (chained (2009) dollars) 2/,44133,45296,45359
17300,Clarksville,,, TN-KY ,Real per capita personal income (chained (2009) dollars) 2/,42545,40745,40515
17420,Cleveland,,, TN ,Real per capita personal income (chained (2009) dollars) 2/,36325,39049,39150
17460,Cleveland,Elyria,, OH ,Real per capita personal income (chained (2009) dollars) 2/,46175,47482,47797
17660,Coeur d'Alene,,, ID ,Real per capita personal income (chained (2009) dollars) 2/,35044,36574,36740
17780,College Station,Bryan,, TX ,Real per capita personal income (chained (2009) dollars) 2/,31698,32967,33316
17820,Colorado Springs,,, CO ,Real per capita personal income (chained (2009) dollars) 2/,39220,39360,38790
17860,Columbia,,, MO ,Real per capita personal income (chained (2009) dollars) 2/,39856,41231,41366
17900,Columbia,,, SC ,Real per capita personal income (chained (2009) dollars) 2/,37701,38185,38253
17980,Columbus,,, GA-AL ,Real per capita personal income (chained (2009) dollars) 2/,41825,41662,40818
18020,Columbus,,, IN ,Real per capita personal income (chained (2009) dollars) 2/,44825,47292,46897
18140,Columbus,,, OH ,Real per capita personal income (chained (2009) dollars) 2/,42216,43511,43848
18580,Corpus Christi,,, TX ,Real per capita personal income (chained (2009) dollars) 2/,41090,42559,42455
18700,Corvallis,,, OR ,Real per capita personal income (chained (2009) dollars) 2/,38303,39196,38836
18880,Crestview,Fort Walton Beach,Destin, FL ,Real per capita personal income (chained (2009) dollars) 2/,43036,42863,42520
19060,Cumberland,,, MD-WV ,Real per capita personal income (chained (2009) dollars) 2/,36707,37067,37535
19100,Dallas,Fort Worth,Arlington, TX ,Real per capita personal income (chained (2009) dollars) 2/,42646,43672,43579
19140,Dalton,,, GA ,Real per capita personal income (chained (2009) dollars) 2/,31932,31969,32662
19180,Danville,,, IL ,Real per capita personal income (chained (2009) dollars) 2/,40392,40407,42398
19300,Daphne,Fairhope,Foley, AL ,Real per capita personal income (chained (2009) dollars) 2/,39401,39427,39418
19340,Davenport,Moline,Rock Island, IA-IL ,Real per capita personal income (chained (2009) dollars) 2/,45238,45139,45231
19380,Dayton,,, OH ,Real per capita personal income (chained (2009) dollars) 2/,40670,41237,41476
19460,Decatur,,, AL ,Real per capita personal income (chained (2009) dollars) 2/,35984,36143,36251
19500,Decatur,,, IL ,Real per capita personal income (chained (2009) dollars) 2/,44185,44547,44680
19660,Deltona,Daytona Beach,Ormond Beach, FL ,Real per capita personal income (chained (2009) dollars) 2/,34168,34379,34164
19740,Denver,Aurora,Lakewood, CO ,Real per capita personal income (chained (2009) dollars) 2/,45280,46675,46345
19780,Des Moines,West Des Moines,, IA ,Real per capita personal income (chained (2009) dollars) 2/,45701,47355,46910
19820,Detroit,Warren,Dearborn, MI ,Real per capita personal income (chained (2009) dollars) 2/,40025,41177,41128
20020,Dothan,,, AL ,Real per capita personal income (chained (2009) dollars) 2/,39695,39520,39360
20100,Dover,,, DE ,Real per capita personal income (chained (2009) dollars) 2/,36583,36700,36814
20220,Dubuque,,, IA ,Real per capita personal income (chained (2009) dollars) 2/,40960,41945,41363
20260,Duluth,,, MN-WI ,Real per capita personal income (chained (2009) dollars) 2/,39040,39563,40157
20500,Durham,Chapel Hill,, NC ,Real per capita personal income (chained (2009) dollars) 2/,43261,44995,44155
20700,East Stroudsburg,,, PA ,Real per capita personal income (chained (2009) dollars) 2/,32454,32133,32126
20740,Eau Claire,,, WI ,Real per capita personal income (chained (2009) dollars) 2/,39606,40508,40422
20940,El Centro,,, CA ,Real per capita personal income (chained (2009) dollars) 2/,32605,32073,33078
21060,Elizabethtown,Fort Knox,, KY ,Real per capita personal income (chained (2009) dollars) 2/,43037,42930,42745
21140,Elkhart,Goshen,, IN ,Real per capita personal income (chained (2009) dollars) 2/,34636,36493,37197
21300,Elmira,,, NY ,Real per capita personal income (chained (2009) dollars) 2/,38492,38966,38832
21340,El Paso,,, TX ,Real per capita personal income (chained (2009) dollars) 2/,31593,32114,32050
21500,Erie,,, PA ,Real per capita personal income (chained (2009) dollars) 2/,37903,38124,38030
21660,Eugene,,, OR ,Real per capita personal income (chained (2009) dollars) 2/,33950,34773,34821
21780,Evansville,,, IN-KY ,Real per capita personal income (chained (2009) dollars) 2/,41217,42696,42690
21820,Fairbanks,,, AK ,Real per capita personal income (chained (2009) dollars) 2/,41234,40994,39694
22020,Fargo,,, ND-MN ,Real per capita personal income (chained (2009) dollars) 2/,45296,48502,47001
22140,Farmington,,, NM ,Real per capita personal income (chained (2009) dollars) 2/,33909,33731,33963
22180,Fayetteville,,, NC ,Real per capita personal income (chained (2009) dollars) 2/,45976,45829,44737
22220,Fayetteville,Springdale,Rogers, AR-MO ,Real per capita personal income (chained (2009) dollars) 2/,36759,38752,39242
22380,Flagstaff,,, AZ ,Real per capita personal income (chained (2009) dollars) 2/,34008,33791,34101
22420,Flint,,, MI ,Real per capita personal income (chained (2009) dollars) 2/,32358,32798,33111
22500,Florence,,, SC ,Real per capita personal income (chained (2009) dollars) 2/,37423,37437,37578
22520,Florence,Muscle Shoals,, AL ,Real per capita personal income (chained (2009) dollars) 2/,37319,37150,37624
22540,Fond du Lac,,, WI ,Real per capita personal income (chained (2009) dollars) 2/,42307,43792,44117
22660,Fort Collins,,, CO ,Real per capita personal income (chained (2009) dollars) 2/,38566,39414,39669
22900,Fort Smith,,, AR-OK ,Real per capita personal income (chained (2009) dollars) 2/,36915,38150,37685
23060,Fort Wayne,,, IN ,Real per capita personal income (chained (2009) dollars) 2/,37750,38921,38599
23420,Fresno,,, CA ,Real per capita personal income (chained (2009) dollars) 2/,32594,33319,34083
23460,Gadsden,,, AL ,Real per capita personal income (chained (2009) dollars) 2/,36254,36731,36641
23540,Gainesville,,, FL ,Real per capita personal income (chained (2009) dollars) 2/,37035,36729,37062
23580,Gainesville,,, GA ,Real per capita personal income (chained (2009) dollars) 2/,34561,34637,35301
23900,Gettysburg,,, PA ,Real per capita personal income (chained (2009) dollars) 2/,35115,35410,35484
24020,Glens Falls,,, NY ,Real per capita personal income (chained (2009) dollars) 2/,38679,39480,39639
24140,Goldsboro,,, NC ,Real per capita personal income (chained (2009) dollars) 2/,35728,36956,36157
24220,Grand Forks,,, ND-MN ,Real per capita personal income (chained (2009) dollars) 2/,41907,45375,43580
24260,Grand Island,,, NE ,Real per capita personal income (chained (2009) dollars) 2/,46133,47691,47768
24300,Grand Junction,,, CO ,Real per capita personal income (chained (2009) dollars) 2/,35358,36799,36711
24340,Grand Rapids,Wyoming,, MI ,Real per capita personal income (chained (2009) dollars) 2/,37416,38447,38368
24420,Grants Pass,,, OR ,Real per capita personal income (chained (2009) dollars) 2/,31462,31791,31716
24500,Great Falls,,, MT ,Real per capita personal income (chained (2009) dollars) 2/,40681,40854,40478
24540,Greeley,,, CO ,Real per capita personal income (chained (2009) dollars) 2/,30338,31512,31704
24580,Green Bay,,, WI ,Real per capita personal income (chained (2009) dollars) 2/,42457,43216,43415
24660,Greensboro,High Point,, NC ,Real per capita personal income (chained (2009) dollars) 2/,37724,38772,38447
24780,Greenville,,, NC ,Real per capita personal income (chained (2009) dollars) 2/,36881,38481,38097
24860,Greenville,Anderson,Mauldin, SC ,Real per capita personal income (chained (2009) dollars) 2/,36990,37565,37783
25060,Gulfport,Biloxi,Pascagoula, MS ,Real per capita personal income (chained (2009) dollars) 2/,36999,36916,36813
25180,Hagerstown,Martinsburg,, MD-WV ,Real per capita personal income (chained (2009) dollars) 2/,33299,33379,32736
25220,Hammond,,, LA ,Real per capita personal income (chained (2009) dollars) 2/,36012,36587,36094
25260,Hanford,Corcoran,, CA ,Real per capita personal income (chained (2009) dollars) 2/,31950,31787,32363
25420,Harrisburg,Carlisle,, PA ,Real per capita personal income (chained (2009) dollars) 2/,43387,44069,44276
25500,Harrisonburg,,, VA ,Real per capita personal income (chained (2009) dollars) 2/,33683,34504,34643
25540,Hartford,West Hartford,East Hartford, CT ,Real per capita personal income (chained (2009) dollars) 2/,49993,51658,51535
25620,Hattiesburg,,, MS ,Real per capita personal income (chained (2009) dollars) 2/,35855,36349,36115
25860,Hickory,Lenoir,Morganton, NC ,Real per capita personal income (chained (2009) dollars) 2/,33541,34969,34788
25940,Hilton Head Island,Bluffton,Beaufort, SC ,Real per capita personal income (chained (2009) dollars) 2/,41086,42223,41354
25980,Hinesville,,, GA ,Real per capita personal income (chained (2009) dollars) 2/,30643,28742,29613
26140,Homosassa Springs,,, FL ,Real per capita personal income (chained (2009) dollars) 2/,35767,35778,36039
26300,Hot Springs,,, AR ,Real per capita personal income (chained (2009) dollars) 2/,40309,42661,42165
26380,Houma,Thibodaux,, LA ,Real per capita personal income (chained (2009) dollars) 2/,43628,46645,47983
26420,Houston,The Woodlands,Sugar Land, TX ,Real per capita personal income (chained (2009) dollars) 2/,46307,48326,48254
26580,Huntington,Ashland,, WV-KY-OH ,Real per capita personal income (chained (2009) dollars) 2/,37724,38147,37800
26620,Huntsville,,, AL ,Real per capita personal income (chained (2009) dollars) 2/,43476,43187,42907
26820,Idaho Falls,,, ID ,Real per capita personal income (chained (2009) dollars) 2/,36884,37893,38491
26900,Indianapolis,Carmel,Anderson, IN ,Real per capita personal income (chained (2009) dollars) 2/,41436,42634,42474
26980,Iowa City,,, IA ,Real per capita personal income (chained (2009) dollars) 2/,44329,44746,44391
27060,Ithaca,,, NY ,Real per capita personal income (chained (2009) dollars) 2/,35202,36170,35667
27100,Jackson,,, MI ,Real per capita personal income (chained (2009) dollars) 2/,34284,34268,35269
27140,Jackson,,, MS ,Real per capita personal income (chained (2009) dollars) 2/,39929,41055,41114
27180,Jackson,,, TN ,Real per capita personal income (chained (2009) dollars) 2/,41532,42330,42649
27260,Jacksonville,,, FL ,Real per capita personal income (chained (2009) dollars) 2/,40887,42200,41990
27340,Jacksonville,,, NC ,Real per capita personal income (chained (2009) dollars) 2/,47015,45130,44250
27500,Janesville,Beloit,, WI ,Real per capita personal income (chained (2009) dollars) 2/,35719,36869,38449
27620,Jefferson City,,, MO ,Real per capita personal income (chained (2009) dollars) 2/,42872,43630,44061
27740,Johnson City,,, TN ,Real per capita personal income (chained (2009) dollars) 2/,37083,37352,37258
27780,Johnstown,,, PA ,Real per capita personal income (chained (2009) dollars) 2/,39053,39188,39463
27860,Jonesboro,,, AR ,Real per capita personal income (chained (2009) dollars) 2/,38904,40607,40063
27900,Joplin,,, MO ,Real per capita personal income (chained (2009) dollars) 2/,35100,37056,36780
27980,Kahului,Wailuku,Lahaina, HI ,Real per capita personal income (chained (2009) dollars) 2/,32287,33294,33746
28020,Kalamazoo,Portage,, MI ,Real per capita personal income (chained (2009) dollars) 2/,37596,38117,38159
28100,Kankakee,,, IL ,Real per capita personal income (chained (2009) dollars) 2/,33160,33677,34671
28140,Kansas City,,, MO-KS ,Real per capita personal income (chained (2009) dollars) 2/,44355,45442,45450
28420,Kennewick,Richland,, WA ,Real per capita personal income (chained (2009) dollars) 2/,37824,36927,36440
28660,Killeen,Temple,, TX ,Real per capita personal income (chained (2009) dollars) 2/,41745,40941,39930
28700,Kingsport,Bristol,Bristol, TN-VA ,Real per capita personal income (chained (2009) dollars) 2/,37815,38362,37873
28740,Kingston,,, NY ,Real per capita personal income (chained (2009) dollars) 2/,39418,40745,40634
28940,Knoxville,,, TN ,Real per capita personal income (chained (2009) dollars) 2/,39279,39786,39608
29020,Kokomo,,, IN ,Real per capita personal income (chained (2009) dollars) 2/,35420,36169,36550
29100,La Crosse,Onalaska,, WI-MN ,Real per capita personal income (chained (2009) dollars) 2/,41017,41850,42189
29180,Lafayette,,, LA ,Real per capita personal income (chained (2009) dollars) 2/,44251,46734,46596
29200,Lafayette,West Lafayette,, IN ,Real per capita personal income (chained (2009) dollars) 2/,33724,33905,33695
29340,Lake Charles,,, LA ,Real per capita personal income (chained (2009) dollars) 2/,38774,40730,40557
29420,Lake Havasu City,Kingman,, AZ ,Real per capita personal income (chained (2009) dollars) 2/,27025,27414,27821
29460,Lakeland,Winter Haven,, FL ,Real per capita personal income (chained (2009) dollars) 2/,35696,33943,34354
29540,Lancaster,,, PA ,Real per capita personal income (chained (2009) dollars) 2/,38639,39102,39040
29620,Lansing,East Lansing,, MI ,Real per capita personal income (chained (2009) dollars) 2/,35539,35881,36053
29700,Laredo,,, TX ,Real per capita personal income (chained (2009) dollars) 2/,27947,28635,28421
29740,Las Cruces,,, NM ,Real per capita personal income (chained (2009) dollars) 2/,31824,31809,31998
29820,Las Vegas,Henderson,Paradise, NV ,Real per capita personal income (chained (2009) dollars) 2/,34324,35572,35301
29940,Lawrence,,, KS ,Real per capita personal income (chained (2009) dollars) 2/,35499,36048,36187
30020,Lawton,,, OK ,Real per capita personal income (chained (2009) dollars) 2/,39469,38682,38920
30140,Lebanon,,, PA ,Real per capita personal income (chained (2009) dollars) 2/,41317,41432,41563
30300,Lewiston,,, ID-WA ,Real per capita personal income (chained (2009) dollars) 2/,38662,38912,39297
30340,Lewiston,Auburn,, ME ,Real per capita personal income (chained (2009) dollars) 2/,36833,36822,37118
30460,Lexington,Fayette,, KY ,Real per capita personal income (chained (2009) dollars) 2/,40520,41228,40952
30620,Lima,,, OH ,Real per capita personal income (chained (2009) dollars) 2/,35193,35665,36075
30700,Lincoln,,, NE ,Real per capita personal income (chained (2009) dollars) 2/,41446,43040,43032
30780,Little Rock,North Little Rock,Conway, AR ,Real per capita personal income (chained (2009) dollars) 2/,42461,44694,43920
30860,Logan,,, UT-ID ,Real per capita personal income (chained (2009) dollars) 2/,30781,31800,32185
30980,Longview,,, TX ,Real per capita personal income (chained (2009) dollars) 2/,42042,43265,43633
31020,Longview,,, WA ,Real per capita personal income (chained (2009) dollars) 2/,34322,35328,36049
31080,Los Angeles,Long Beach,Anaheim, CA ,Real per capita personal income (chained (2009) dollars) 2/,36535,38192,38454
31140,Louisville/Jefferson County,,, KY-IN ,Real per capita personal income (chained (2009) dollars) 2/,41437,43043,42498
31180,Lubbock,,, TX ,Real per capita personal income (chained (2009) dollars) 2/,35905,38022,38716
31340,Lynchburg,,, VA ,Real per capita personal income (chained (2009) dollars) 2/,36878,37473,37402
31420,Macon,,, GA ,Real per capita personal income (chained (2009) dollars) 2/,39861,39115,39498
31460,Madera,,, CA ,Real per capita personal income (chained (2009) dollars) 2/,29650,30599,31192
31540,Madison,,, WI ,Real per capita personal income (chained (2009) dollars) 2/,46079,47119,47756
31700,Manchester,Nashua,, NH ,Real per capita personal income (chained (2009) dollars) 2/,43782,45064,45340
31740,Manhattan,,, KS ,Real per capita personal income (chained (2009) dollars) 2/,45035,43489,42884
31860,Mankato,North Mankato,, MN ,Real per capita personal income (chained (2009) dollars) 2/,42236,43462,42782
31900,Mansfield,,, OH ,Real per capita personal income (chained (2009) dollars) 2/,34854,34414,35021
32580,McAllen,Edinburg,Mission, TX ,Real per capita personal income (chained (2009) dollars) 2/,25593,25393,25249
32780,Medford,,, OR ,Real per capita personal income (chained (2009) dollars) 2/,33963,34691,35010
32820,Memphis,,, TN-MS-AR ,Real per capita personal income (chained (2009) dollars) 2/,40355,41784,41592
32900,Merced,,, CA ,Real per capita personal income (chained (2009) dollars) 2/,30091,30206,31153
33100,Miami,Fort Lauderdale,West Palm Beach, FL ,Real per capita personal income (chained (2009) dollars) 2/,39915,40478,40318
33140,Michigan City,La Porte,, IN ,Real per capita personal income (chained (2009) dollars) 2/,36181,37032,36753
33220,Midland,,, MI ,Real per capita personal income (chained (2009) dollars) 2/,47011,46807,46710
33260,Midland,,, TX ,Real per capita personal income (chained (2009) dollars) 2/,75835,82571,82372
33340,Milwaukee,Waukesha,West Allis, WI ,Real per capita personal income (chained (2009) dollars) 2/,45929,46889,46815
33460,Minneapolis,St. Paul,Bloomington, MN-WI ,Real per capita personal income (chained (2009) dollars) 2/,45930,46923,46611
33540,Missoula,,, MT ,Real per capita personal income (chained (2009) dollars) 2/,35715,36570,36344
33660,Mobile,,, AL ,Real per capita personal income (chained (2009) dollars) 2/,35525,35051,34734
33700,Modesto,,, CA ,Real per capita personal income (chained (2009) dollars) 2/,31955,32745,33205
33740,Monroe,,, LA ,Real per capita personal income (chained (2009) dollars) 2/,37809,38854,38896
33780,Monroe,,, MI ,Real per capita personal income (chained (2009) dollars) 2/,36138,36929,38681
33860,Montgomery,,, AL ,Real per capita personal income (chained (2009) dollars) 2/,39790,39620,39963
34060,Morgantown,,, WV ,Real per capita personal income (chained (2009) dollars) 2/,38910,39322,39543
34100,Morristown,,, TN ,Real per capita personal income (chained (2009) dollars) 2/,35598,35204,35101
34580,Mount Vernon,Anacortes,, WA ,Real per capita personal income (chained (2009) dollars) 2/,38489,40506,40876
34620,Muncie,,, IN ,Real per capita personal income (chained (2009) dollars) 2/,32665,33729,33349
34740,Muskegon,,, MI ,Real per capita personal income (chained (2009) dollars) 2/,33199,34058,34083
34820,Myrtle Beach,Conway,North Myrtle Beach, SC-NC ,Real per capita personal income (chained (2009) dollars) 2/,32362,32762,32609
34900,Napa,,, CA ,Real per capita personal income (chained (2009) dollars) 2/,41670,44180,44915
34940,Naples,Immokalee,Marco Island, FL ,Real per capita personal income (chained (2009) dollars) 2/,58308,62285,61216
34980,Nashville,Davidson,, TN ,Real per capita personal income (chained (2009) dollars) 2/,43631,45653,45625
35100,New Bern,,, NC ,Real per capita personal income (chained (2009) dollars) 2/,41999,43065,42033
35300,New Haven,Milford,, CT ,Real per capita personal income (chained (2009) dollars) 2/,41595,42817,42725
35380,New Orleans,Metairie,, LA ,Real per capita personal income (chained (2009) dollars) 2/,42432,43693,43477
35620,New York,Newark,Jersey City, NY-NJ-PA ,Real per capita personal income (chained (2009) dollars) 2/,44793,45658,45303
35620,Newark,Newark,Jersey City, NY-NJ-PA ,Real per capita personal income (chained (2009) dollars) 2/,44793,45658,45303
35660,Niles,Benton Harbor,, MI ,Real per capita personal income (chained (2009) dollars) 2/,39924,39334,40253
35840,North Port,Sarasota,Bradenton, FL ,Real per capita personal income (chained (2009) dollars) 2/,47671,47570,47180
35980,Norwich,New London,, CT ,Real per capita personal income (chained (2009) dollars) 2/,45888,46983,46673
36100,Ocala,,, FL ,Real per capita personal income (chained (2009) dollars) 2/,36204,34993,35185
36140,Ocean City,,, NJ ,Real per capita personal income (chained (2009) dollars) 2/,45088,46595,46517
36220,Odessa,,, TX ,Real per capita personal income (chained (2009) dollars) 2/,41167,44332,43359
36260,Ogden,Clearfield,, UT ,Real per capita personal income (chained (2009) dollars) 2/,34507,35554,35996
36420,Oklahoma City,,, OK ,Real per capita personal income (chained (2009) dollars) 2/,43685,44990,44750
36500,Olympia,Tumwater,, WA ,Real per capita personal income (chained (2009) dollars) 2/,39567,40059,39780
36540,Omaha,Council Bluffs,, NE-IA ,Real per capita personal income (chained (2009) dollars) 2/,45417,47098,47346
36740,Orlando,Kissimmee,Sanford, FL ,Real per capita personal income (chained (2009) dollars) 2/,34948,35458,35329
36780,Oshkosh,Neenah,, WI ,Real per capita personal income (chained (2009) dollars) 2/,41159,41486,41627
36980,Owensboro,,, KY ,Real per capita personal income (chained (2009) dollars) 2/,39635,41202,41590
37100,Oxnard,Thousand Oaks,Ventura, CA ,Real per capita personal income (chained (2009) dollars) 2/,39715,41174,41269
37340,Palm Bay,Melbourne,Titusville, FL ,Real per capita personal income (chained (2009) dollars) 2/,39456,38813,38758
37460,Panama City,,, FL ,Real per capita personal income (chained (2009) dollars) 2/,37651,36513,36234
37620,Parkersburg,Vienna,, WV ,Real per capita personal income (chained (2009) dollars) 2/,35620,37216,37365
37860,Pensacola,Ferry Pass,Brent, FL ,Real per capita personal income (chained (2009) dollars) 2/,37790,37904,37782
37900,Peoria,,, IL ,Real per capita personal income (chained (2009) dollars) 2/,46659,48261,46692
37980,Philadelphia,Camden,Wilmington, PA-NJ-DE-MD ,Real per capita personal income (chained (2009) dollars) 2/,44549,45486,45492
38060,Phoenix,Mesa,Scottsdale, AZ ,Real per capita personal income (chained (2009) dollars) 2/,36118,36846,36735
38220,Pine Bluff,,, AR ,Real per capita personal income (chained (2009) dollars) 2/,35519,37052,37015
38300,Pittsburgh,,, PA ,Real per capita personal income (chained (2009) dollars) 2/,47450,48638,48703
38340,Pittsfield,,, MA ,Real per capita personal income (chained (2009) dollars) 2/,45750,46976,47328
38540,Pocatello,,, ID ,Real per capita personal income (chained (2009) dollars) 2/,31619,31646,32082
38860,Portland,South Portland,, ME ,Real per capita personal income (chained (2009) dollars) 2/,42438,42898,43137
38900,Portland,Vancouver,Hillsboro, OR-WA ,Real per capita personal income (chained (2009) dollars) 2/,39603,40740,40586
38940,Port St. Lucie,,, FL ,Real per capita personal income (chained (2009) dollars) 2/,38630,38563,38183
39140,Prescott,,, AZ ,Real per capita personal income (chained (2009) dollars) 2/,31075,31637,31787
39300,Providence,Warwick,, RI-MA ,Real per capita personal income (chained (2009) dollars) 2/,42550,43507,43617
39340,Provo,Orem,, UT ,Real per capita personal income (chained (2009) dollars) 2/,26111,27338,27760
39380,Pueblo,,, CO ,Real per capita personal income (chained (2009) dollars) 2/,33091,33851,33857
39460,Punta Gorda,,, FL ,Real per capita personal income (chained (2009) dollars) 2/,36902,36688,37076
39540,Racine,,, WI ,Real per capita personal income (chained (2009) dollars) 2/,40495,41649,41458
39580,Raleigh,,, NC ,Real per capita personal income (chained (2009) dollars) 2/,41551,43455,42985
39660,Rapid City,,, SD ,Real per capita personal income (chained (2009) dollars) 2/,43610,43956,42973
39740,Reading,,, PA ,Real per capita personal income (chained (2009) dollars) 2/,39384,40226,40304
39820,Redding,,, CA ,Real per capita personal income (chained (2009) dollars) 2/,35780,36273,36858
39900,Reno,,, NV ,Real per capita personal income (chained (2009) dollars) 2/,40890,42714,42494
40060,Richmond,,, VA ,Real per capita personal income (chained (2009) dollars) 2/,43638,44928,44814
40140,Riverside,San Bernardino,Ontario, CA ,Real per capita personal income (chained (2009) dollars) 2/,28020,28668,29138
40220,Roanoke,,, VA ,Real per capita personal income (chained (2009) dollars) 2/,41625,43068,43231
40340,Rochester,,, MN ,Real per capita personal income (chained (2009) dollars) 2/,45414,46577,45487
40380,Rochester,,, NY ,Real per capita personal income (chained (2009) dollars) 2/,42154,43946,43955
40420,Rockford,,, IL ,Real per capita personal income (chained (2009) dollars) 2/,36755,37884,38139
40580,Rocky Mount,,, NC ,Real per capita personal income (chained (2009) dollars) 2/,35456,36910,36307
40660,Rome,,, GA ,Real per capita personal income (chained (2009) dollars) 2/,39026,39228,39860
40900,Sacramento,,Roseville, CA ,Real per capita personal income (chained (2009) dollars) 2/,40408,41869,42362
40980,Saginaw,,, MI ,Real per capita personal income (chained (2009) dollars) 2/,34951,34958,34797
41060,St. Cloud,,, MN ,Real per capita personal income (chained (2009) dollars) 2/,37593,38933,38136
41100,St. George,,, UT ,Real per capita personal income (chained (2009) dollars) 2/,28608,29250,29684
41140,St. Joseph,,, MO-KS ,Real per capita personal income (chained (2009) dollars) 2/,38240,38892,39117
41180,St. Louis,,, MO-IL ,Real per capita personal income (chained (2009) dollars) 2/,46015,47863,47914
41420,Salem,,, OR ,Real per capita personal income (chained (2009) dollars) 2/,33643,33681,34191
41500,Salinas,,, CA ,Real per capita personal income (chained (2009) dollars) 2/,37623,38136,38871
41540,Salisbury,,, MD-DE ,Real per capita personal income (chained (2009) dollars) 2/,40311,40758,40958
41620,Salt Lake City,,, UT ,Real per capita personal income (chained (2009) dollars) 2/,37577,38813,38961
41660,San Angelo,,, TX ,Real per capita personal income (chained (2009) dollars) 2/,40988,42106,41951
41700,San Antonio,New Braunfels,, TX ,Real per capita personal income (chained (2009) dollars) 2/,39276,39922,39682
41740,San Diego,Carlsbad,, CA ,Real per capita personal income (chained (2009) dollars) 2/,38932,40261,40862
41860,San Francisco,Oakland,Hayward, CA ,Real per capita personal income (chained (2009) dollars) 2/,50185,53395,53722
41940,San Jose,Sunnyvale,Santa Clara, CA ,Real per capita personal income (chained (2009) dollars) 2/,49036,52305,53322
42020,San Luis Obispo,Paso Robles,Arroyo Grande, CA ,Real per capita personal income (chained (2009) dollars) 2/,38332,39127,39613
42100,Santa Cruz,Watsonville,, CA ,Real per capita personal income (chained (2009) dollars) 2/,40465,41883,42650
42140,Santa Fe,,, NM ,Real per capita personal income (chained (2009) dollars) 2/,41406,42108,41563
42200,Santa Maria,Santa Barbara,, CA ,Real per capita personal income (chained (2009) dollars) 2/,41183,43149,42963
42220,Santa Rosa,,, CA ,Real per capita personal income (chained (2009) dollars) 2/,37573,39370,40159
42340,Savannah,,, GA ,Real per capita personal income (chained (2009) dollars) 2/,41180,40341,40328
42540,Scranton,,Wilkes, PA ,Real per capita personal income (chained (2009) dollars) 2/,40417,40981,40922
42660,Seattle,Tacoma,Bellevue, WA ,Real per capita personal income (chained (2009) dollars) 2/,46225,48351,48191
42680,Sebastian,Vero Beach,, FL ,Real per capita personal income (chained (2009) dollars) 2/,53949,56297,56377
42700,Sebring,,, FL ,Real per capita personal income (chained (2009) dollars) 2/,34803,33206,34175
43100,Sheboygan,,, WI ,Real per capita personal income (chained (2009) dollars) 2/,45381,47381,47480
43300,Sherman,Denison,, TX ,Real per capita personal income (chained (2009) dollars) 2/,35602,36339,37181
43340,Shreveport,Bossier City,, LA ,Real per capita personal income (chained (2009) dollars) 2/,42545,43208,42786
43420,Sierra Vista,Douglas,, AZ ,Real per capita personal income (chained (2009) dollars) 2/,38037,37103,37179
43580,Sioux City,,, IA-NE-SD ,Real per capita personal income (chained (2009) dollars) 2/,43503,43415,45500
43620,Sioux Falls,,, SD ,Real per capita personal income (chained (2009) dollars) 2/,47353,49124,49276
43780,South Bend,Mishawaka,, IN-MI ,Real per capita personal income (chained (2009) dollars) 2/,38441,39044,38944
43900,Spartanburg,,, SC ,Real per capita personal income (chained (2009) dollars) 2/,34968,36281,36179
44060,Spokane,Spokane Valley,, WA ,Real per capita personal income (chained (2009) dollars) 2/,36096,36813,37123
44100,Springfield,,, IL ,Real per capita personal income (chained (2009) dollars) 2/,42962,43017,43914
44140,Springfield,,, MA ,Real per capita personal income (chained (2009) dollars) 2/,41009,42307,42349
44180,Springfield,,, MO ,Real per capita personal income (chained (2009) dollars) 2/,35424,36811,36893
44220,Springfield,,, OH ,Real per capita personal income (chained (2009) dollars) 2/,38147,38935,39058
44300,State College,,, PA ,Real per capita personal income (chained (2009) dollars) 2/,38100,38073,38382
44420,Staunton,Waynesboro,, VA ,Real per capita personal income (chained (2009) dollars) 2/,38951,39773,39835
44700,Stockton,Lodi,, CA ,Real per capita personal income (chained (2009) dollars) 2/,30587,31645,32284
44940,Sumter,,, SC ,Real per capita personal income (chained (2009) dollars) 2/,34337,34849,35091
45060,Syracuse,,, NY ,Real per capita personal income (chained (2009) dollars) 2/,40864,41739,41580
45220,Tallahassee,,, FL ,Real per capita personal income (chained (2009) dollars) 2/,37757,35400,35635
45300,Tampa,St. Petersburg,Clearwater, FL ,Real per capita personal income (chained (2009) dollars) 2/,38241,37913,37987
45460,Terre Haute,,, IN ,Real per capita personal income (chained (2009) dollars) 2/,35024,35836,36138
45500,Texarkana,,, TX-AR ,Real per capita personal income (chained (2009) dollars) 2/,37384,37640,37090
45540,The Villages,,, FL ,Real per capita personal income (chained (2009) dollars) 2/,39276,41624,38896
45780,Toledo,,, OH ,Real per capita personal income (chained (2009) dollars) 2/,39267,39802,40085
45820,Topeka,,, KS ,Real per capita personal income (chained (2009) dollars) 2/,41914,42106,42460
45940,Trenton,,, NJ ,Real per capita personal income (chained (2009) dollars) 2/,45265,47186,47423
46060,Tucson,,, AZ ,Real per capita personal income (chained (2009) dollars) 2/,35078,35642,35607
46140,Tulsa,,, OK ,Real per capita personal income (chained (2009) dollars) 2/,45759,48615,48542
46220,Tuscaloosa,,, AL ,Real per capita personal income (chained (2009) dollars) 2/,37351,37562,37540
46340,Tyler,,, TX ,Real per capita personal income (chained (2009) dollars) 2/,40783,41936,42026
46520,Urban Honolulu,,, HI ,Real per capita personal income (chained (2009) dollars) 2/,36651,37133,37241
46540,Utica,Rome,, NY ,Real per capita personal income (chained (2009) dollars) 2/,39072,39815,39758
46660,Valdosta,,, GA ,Real per capita personal income (chained (2009) dollars) 2/,36973,35724,37163
46700,Vallejo,Fairfield,, CA ,Real per capita personal income (chained (2009) dollars) 2/,32821,33609,34549
47020,Victoria,,, TX ,Real per capita personal income (chained (2009) dollars) 2/,44167,46159,46477
47220,Vineland,Bridgeton,, NJ ,Real per capita personal income (chained (2009) dollars) 2/,32860,32272,32344
47260,Virginia Beach,Norfolk,Newport News, VA-NC ,Real per capita personal income (chained (2009) dollars) 2/,41881,42510,42364
47300,Visalia,Porterville,, CA ,Real per capita personal income (chained (2009) dollars) 2/,31241,31336,31825
47380,Waco,,, TX ,Real per capita personal income (chained (2009) dollars) 2/,35910,36897,36813
47460,Walla Walla,,, WA ,Real per capita personal income (chained (2009) dollars) 2/,38718,39241,39108
47580,Warner Robins,,, GA ,Real per capita personal income (chained (2009) dollars) 2/,38412,37938,37403
47900,Washington,Arlington,Alexandria, DC-VA-MD-WV ,Real per capita personal income (chained (2009) dollars) 2/,48587,48908,48002
47940,Waterloo,Cedar Falls,, IA ,Real per capita personal income (chained (2009) dollars) 2/,42042,42756,42755
48060,Watertown,Fort Drum,, NY ,Real per capita personal income (chained (2009) dollars) 2/,44888,43106,42705
48140,Wausau,,, WI ,Real per capita personal income (chained (2009) dollars) 2/,40035,40726,41018
48260,Weirton,Steubenville,, WV-OH ,Real per capita personal income (chained (2009) dollars) 2/,35933,36382,36358
48300,Wenatchee,,, WA ,Real per capita personal income (chained (2009) dollars) 2/,36539,38099,38102
48540,Wheeling,,, WV-OH ,Real per capita personal income (chained (2009) dollars) 2/,39047,40470,41815
48620,Wichita,,, KS ,Real per capita personal income (chained (2009) dollars) 2/,42246,42966,43064
48660,Wichita Falls,,, TX ,Real per capita personal income (chained (2009) dollars) 2/,42081,42855,42768
48700,Williamsport,,, PA ,Real per capita personal income (chained (2009) dollars) 2/,39397,39353,38740
48900,Wilmington,,, NC ,Real per capita personal income (chained (2009) dollars) 2/,36520,37234,37039
49020,Winchester,,, VA-WV ,Real per capita personal income (chained (2009) dollars) 2/,37586,38424,38537
49180,Winston,Salem,, NC ,Real per capita personal income (chained (2009) dollars) 2/,38421,39646,39294
49340,Worcester,,, MA-CT ,Real per capita personal income (chained (2009) dollars) 2/,42062,42774,42647
49420,Yakima,,, WA ,Real per capita personal income (chained (2009) dollars) 2/,34273,35810,35776
49620,York,Hanover,, PA ,Real per capita personal income (chained (2009) dollars) 2/,39709,39985,39987
49660,Youngstown,Warren,Boardman, OH-PA ,Real per capita personal income (chained (2009) dollars) 2/,37600,38170,38399
49700,Yuba City,,, CA ,Real per capita personal income (chained (2009) dollars) 2/,32765,33092,33684
49740,Yuma,,, AZ ,Real per capita personal income (chained (2009) dollars) 2/,27708,27171,27613